{"cameraMode":{"drawMode":0,"name":"Shaded","section":"Shading Mode"},"sceneLighting":false,"audioPlay":false,"sceneViewState":{"m_AlwaysRefresh":false,"showFog":true,"showSkybox":false,"showFlares":true,"showImageEffects":true,"showParticleSystems":true,"showVisualEffectGraphs":true,"m_FxEnabled":true},"in2DMode":false,"pivot":{"x":305.4843444824219,"y":197.78802490234376,"z":59.23121643066406},"rotation":{"x":-0.03469600901007652,"y":0.07847139984369278,"z":-0.0027359547093510629,"w":-0.9963346123695374},"size":272.1634216308594,"orthographic":false}